model,accuracy,precision,recall,f1
Qwen/Qwen3-8B,0.4923728813559322,0.5370450113395716,0.4932088285229202,0.49452542222700596
Qwen/Qwen3-32B,0.4457627118644068,0.5467575532372769,0.4465195246179966,0.4433061164119591
meta-llama/Llama-3.1-8B-Instruct,0.47372881355932206,0.5120431128160554,0.47453310696095075,0.47995435844845097
meta-llama/Llama-3.2-3B-Instruct,0.2033898305084746,0.3938201378013806,0.2037351443123939,0.2211621859559736
deepseek-ai/DeepSeek-R1-Distill-Qwen-1.5B,0.1288135593220339,0.30039687971103546,0.12903225806451613,0.13677968655377307
deepseek-ai/DeepSeek-R1-Distill-Llama-8B,0.23813559322033898,0.5251317402023986,0.23853989813242785,0.16571941450949035
