model,accuracy,precision,recall,f1
Qwen/Qwen3-8B,0.06640625,0.48660307907373695,0.06671899529042387,0.10617226220334312
Qwen/Qwen3-32B,0.1546875,0.5275977104987557,0.1554160125588697,0.23044157352456643
meta-llama/Llama-3.1-8B-Instruct,0.17578125,0.4011844635092077,0.17660910518053374,0.22458210006959684
meta-llama/Llama-3.2-3B-Instruct,0.115625,0.4076771497100728,0.11616954474097331,0.1654008755246375
deepseek-ai/DeepSeek-R1-Distill-Qwen-1.5B,0.06015625,0.22784799538544512,0.06043956043956044,0.09156873963866528
deepseek-ai/DeepSeek-R1-Distill-Llama-8B,0.1265625,0.43228101108108963,0.1271585557299843,0.18008337148003517
