model,accuracy,precision,recall,f1
Qwen/Qwen3-8B,0.4056910569105691,0.45247959130488985,0.4073469387755102,0.3873204246491344
Qwen/Qwen3-32B,0.3821138211382114,0.4707657808592263,0.3836734693877551,0.38678467601975675
meta-llama/Llama-3.1-8B-Instruct,0.35772357723577236,0.44794246012637273,0.35918367346938773,0.3797766426144829
meta-llama/Llama-3.2-3B-Instruct,0.11788617886178862,0.4313751339586735,0.11836734693877551,0.11874481185372189
deepseek-ai/DeepSeek-R1-Distill-Qwen-1.5B,0.12195121951219512,0.2562852664984861,0.12244897959183673,0.1164359854397251
deepseek-ai/DeepSeek-R1-Distill-Llama-8B,0.16666666666666666,0.35021746362565953,0.1673469387755102,0.10612664534837364
