model,accuracy,precision,recall,f1
Qwen/Qwen3-8B,0.31587301587301586,0.42283672146004075,0.31738437001594894,0.28674527481425477
Qwen/Qwen3-32B,0.3515873015873016,0.48779610613999574,0.3532695374800638,0.356546958621299
meta-llama/Llama-3.1-8B-Instruct,0.31587301587301586,0.4308637583167812,0.31738437001594894,0.3409380063645499
meta-llama/Llama-3.2-3B-Instruct,0.06349206349206349,0.42128071890380886,0.06379585326953748,0.013011765067956848
deepseek-ai/DeepSeek-R1-Distill-Qwen-1.5B,0.09682539682539683,0.18203869760304117,0.09728867623604466,0.07375997352728451
deepseek-ai/DeepSeek-R1-Distill-Llama-8B,0.16507936507936508,0.3716311453697598,0.16586921850079744,0.09235418625552028
