model,accuracy,precision,recall,f1
Qwen/Qwen3-8B,0.2140625,0.41157035171111683,0.2150706436420722,0.23152699521874168
Qwen/Qwen3-32B,0.27265625,0.4967270904855414,0.2739403453689168,0.3139674850596952
meta-llama/Llama-3.1-8B-Instruct,0.31875,0.3945554830374906,0.3202511773940345,0.33572399005824016
meta-llama/Llama-3.2-3B-Instruct,0.29140625,0.37868379132816277,0.29277864992150704,0.32058609594244436
deepseek-ai/DeepSeek-R1-Distill-Qwen-1.5B,0.15703125,0.3654148839022789,0.1577708006279435,0.1720836052381607
deepseek-ai/DeepSeek-R1-Distill-Llama-8B,0.23984375,0.45672740181540744,0.24097331240188383,0.274960407474884
